Model,MAE,RMSE,R2,n
OLS,8285.004628516033,9174.682231255649,-1.217367511261061,33
GLM Gamma,8914.030646602281,10826.61578923256,-2.08774244299838,33
Tweedie,8063.702437491539,9691.040004791339,-1.4739811724857765,33
